<?xml version="1.0" encoding="UTF-8"?><sheet>
<effect>
<name>Simple Fill</name>
<type>LineSyllabeBasic</type>
<moment>Meantime</moment>
<commands>§{\kf~%dK/10~};;;{\kf~%dK/10~};</commands>
<time>0</time>
<image>F:\AssFxMaker\AFM 0.016 pre\Effects\simple fill.gif</image>
<author/>
<comment>Created with AssFxMaker (a part of Funsub Project 2006-2010).</comment>
<layer>1</layer>
<style/>
<collect/>
<ruby/>
</effect>
<effect>
<name>Simple Outline</name>
<type>LineSyllabeBasic</type>
<moment>Meantime</moment>
<commands>§{\ko~%dK/10~};;;{\ko~%dK/10~};</commands>
<time>0</time>
<image>F:\AssFxMaker\AFM 0.016 pre\Effects\simple outline.gif</image>
<author/>
<comment>Created with AssFxMaker (a part of Funsub Project 2006-2010).</comment>
<layer>1</layer>
<style/>
<collect/>
<ruby/>
</effect>
<effect>
<name>Transparency fade out</name>
<type>LineSyllabeBasic</type>
<moment>Meantime</moment>
<commands>§{\t(%sK,%eK,\alpha&amp;HFF&amp;)};;;{\r\t(%sK,%eK,\alpha&amp;HFF&amp;)};</commands>
<time/>
<image>F:\AssFxMaker\AFM 0.016 pre\Effects\transparency fade out.gif</image>
<author/>
<comment>Created with AssFxMaker (a part of Funsub Project 2006-2010).</comment>
<layer>0</layer>
<style/>
<collect/>
<ruby/>
</effect>
<effect>
<name>Invisible syllable</name>
<type>LineSyllabeBasic</type>
<moment>Meantime</moment>
<commands>§{\alpha&amp;HFF&amp;\t(%eK,%eK,\alpha&amp;H00&amp;)};;;{\r\t(%sK,%sK,\alpha&amp;HFF&amp;)\t(%eK,%eK,\alpha&amp;H00&amp;)};</commands>
<time>0</time>
<image>F:\AssFxMaker\AFM 0.016 pre\Effects\invisible syllable.gif</image>
<author/>
<comment>Created with AssFxMaker (a part of Funsub Project 2006-2010).</comment>
<layer>0</layer>
<style/>
<collect/>
<ruby/>
</effect>
<effect>
<name>Random fill or not</name>
<type>LineSyllableRandom</type>
<moment>Meantime</moment>
<commands>§{\k~%dK/10~};;;{\k~%dK/10~};§{\kf~%dK/10~};;;{\kf~%dK/10~};</commands>
<time/>
<image>F:\AssFxMaker\AFM 0.016 pre\Effects\random fill or not.gif</image>
<author/>
<comment>Created with AssFxMaker (a part of Funsub Project 2006-2010).</comment>
<layer>1</layer>
<style/>
<collect/>
<ruby/>
</effect>
<effect>
<name>Border before fill (letters)</name>
<type>LineLetterBasic</type>
<moment>Meantime</moment>
<commands>§{\t(0,%oeK,\3c&amp;H990099&amp;)\t(0,%eK,\1c&amp;HFF6666&amp;)};;;{\r\t(%osK,%oeK,\3c&amp;H990099&amp;)\t(%sK,%eK,\1c&amp;HFF6666&amp;)};</commands>
<time>0</time>
<image>F:\AssFxMaker\AFM 0.016 pre\Effects\border before fill (letters).gif</image>
<author/>
<comment>Debug of letter mode</comment>
<layer>1</layer>
<style/>
<collect/>
<ruby/>
</effect>
<effect>
<name>Sheet with blur (letters)</name>
<type>LineLetterSym</type>
<moment>Meantime</moment>
<commands>§{\1c&amp;HCCFFCC&amp;\t(0,~%oeK-%odK/2~,\bord6\blur3)\t(~%oeK-%odK/2~,%oeK,\bord2\blur0)};;;{\r\1c&amp;HCCFFCC&amp;\t(%osK,~%oeK-%odK/2~,\bord6\blur3)\t(~%oeK-%odK/2~,%oeK,\bord2\blur0)};§{\1c&amp;H99FF99&amp;\t(0,~%oeK-%odK/2~,\bord6\blur3)\t(~%oeK-%odK/2~,%oeK,\bord2\blur0)};;;{\r\1c&amp;H99FF99&amp;\t(%osK,~%oeK-%odK/2~,\bord6\blur3)\t(~%oeK-%odK/2~,%oeK,\bord2\blur0)};§{\1c&amp;H66FF66&amp;\t(0,~%oeK-%odK/2~,\bord6\blur3)\t(~%oeK-%odK/2~,%oeK,\bord2\blur0)};;;{\r\1c&amp;H66FF66&amp;\t(%osK,~%oeK-%odK/2~,\bord6\blur3)\t(~%oeK-%odK/2~,%oeK,\bord2\blur0)};§{\1c&amp;H33FF33&amp;\t(0,~%oeK-%odK/2~,\bord6\blur3)\t(~%oeK-%odK/2~,%oeK,\bord2\blur0)};;;{\r\1c&amp;H33FF33&amp;\t(%osK,~%oeK-%odK/2~,\bord6\blur3)\t(~%oeK-%odK/2~,%oeK,\bord2\blur0)};§{\1c&amp;H00FF00&amp;\t(0,~%oeK-%odK/2~,\bord6\blur3)\t(~%oeK-%odK/2~,%oeK,\bord2\blur0)};;;{\r\1c&amp;H00FF00&amp;\t(%osK,~%oeK-%odK/2~,\bord6\blur3)\t(~%oeK-%odK/2~,%oeK,\bord2\blur0)};§{\1c&amp;H00CC00&amp;\t(0,~%oeK-%odK/2~,\bord6\blur3)\t(~%oeK-%odK/2~,%oeK,\bord2\blur0)};;;{\r\1c&amp;H00CC00&amp;\t(%osK,~%oeK-%odK/2~,\bord6\blur3)\t(~%oeK-%odK/2~,%oeK,\bord2\blur0)};§{\1c&amp;H009900&amp;\t(0,~%oeK-%odK/2~,\bord6\blur3)\t(~%oeK-%odK/2~,%oeK,\bord2\blur0)};;;{\r\1c&amp;H009900&amp;\t(%osK,~%oeK-%odK/2~,\bord6\blur3)\t(~%oeK-%odK/2~,%oeK,\bord2\blur0)};§{\1c&amp;H006600&amp;\t(0,~%oeK-%odK/2~,\bord6\blur3)\t(~%oeK-%odK/2~,%oeK,\bord2\blur0)};;;{\r\1c&amp;H006600&amp;\t(%osK,~%oeK-%odK/2~,\bord6\blur3)\t(~%oeK-%odK/2~,%oeK,\bord2\blur0)};</commands>
<time>0</time>
<image>F:\AssFxMaker\AFM 0.016 pre\Effects\sheet with blur (letters).gif</image>
<author/>
<comment/>
<layer>5</layer>
<style/>
<collect/>
<ruby/>
</effect>
<effect>
<name>Mon premier effet</name>
<type>LineSyllabeBasic</type>
<moment>Meantime</moment>
<commands>§{\t(0,%eK,\blur10\1c&amp;H00CCFF&amp;)\t(%eK,~%eK+500~,\alpha&amp;HFF&amp;)};;;{\r\t(%sK,%eK,\blur10\1c&amp;H00CCFF&amp;)\t(%eK,~%eK+500~,\alpha&amp;HFF&amp;)};</commands>
<time>0</time>
<image/>
<author/>
<comment/>
<layer>0</layer>
<style/>
<collect/>
<ruby/>
</effect>
</sheet>
