<?xml version="1.0" encoding="UTF-8"?>
<project-private xmlns="http://www.netbeans.org/ns/project-private/1">
    <editor-bookmarks xmlns="http://www.netbeans.org/ns/editor-bookmarks/2" lastBookmarkId="0"/>
    <open-files xmlns="http://www.netbeans.org/ns/projectui-open-files/2">
        <group>
            <file>file:/D:/Dev/Code/Java_Netbeans/_Fansub/Feuille_v2.3.2_Graal/Feuille/src/feuille/lib/Sheet.java</file>
            <file>file:/D:/Dev/Code/Java_Netbeans/_Fansub/Feuille_v2.3.2_Graal/Feuille/src/feuille/lib/Center.java</file>
            <file>file:/D:/Dev/Code/Java_Netbeans/_Fansub/Feuille_v2.3.2_Graal/Feuille/src/feuille/MainFrame.java</file>
        </group>
    </open-files>
</project-private>
